Model,Accuracy,F1,Precision,Recall,ROC-AUC,CV Score,CV Std,composite
Logistic Regression,0.52,0.4418604651162791,0.36538461538461536,0.5588235294117647,0.5581550802139037,0.462,0.03544009029333871,0.4715171524781648
Random Forest,0.6,0.23076923076923078,0.3333333333333333,0.17647058823529413,0.47838680926916216,0.5720000000000001,0.05268775948927796,0.33514328808446453
Gradient Boosting,0.59,0.16326530612244897,0.26666666666666666,0.11764705882352941,0.47571301247771836,0.5519999999999999,0.03187475490101844,0.28439475790316127
Extra Trees,0.53,0.14545454545454545,0.19047619047619047,0.11764705882352941,0.47058823529411764,0.556,0.05885575587824865,0.24589444868856636
